time,lat,lon,elevation,accuracy,bearing,speed,satellites,provider
2016-03-26T22:54:32Z,30.589857,-96.356804,0,72,0,0,0,network
2016-03-26T22:54:40Z,30.590006,-96.356788,172.3,48,318.700012,0.308667,4,gps
2016-03-26T22:54:41Z,30.589895,-96.356818,96.2,32,318.700012,0.205778,7,gps
2016-03-26T22:54:42Z,30.589869,-96.356919,42.4,32,318.700012,0.257222,7,gps
2016-03-26T22:54:43Z,30.589774,-96.356941,26,24,318.700012,0.205778,8,gps
2016-03-26T22:54:44Z,30.589766,-96.356944,42,24,318.700012,0,8,gps
2016-03-26T22:54:45Z,30.589779,-96.356944,45.2,24,318.700012,0.668778,9,gps
2016-03-26T22:54:46Z,30.589787,-96.356949,66.4,16,318.700012,0.720222,9,gps
2016-03-26T22:54:47Z,30.589778,-96.35697,73.6,16,318.700012,0.720222,9,gps
2016-03-26T22:54:48Z,30.589768,-96.356992,76,12,271.799988,0.874556,9,gps
2016-03-26T22:54:49Z,30.589764,-96.357008,83.2,12,278.200012,0.874556,9,gps
2016-03-26T22:54:50Z,30.589757,-96.357019,82.6,12,278.200012,0.617333,9,gps
2016-03-26T22:54:51Z,30.589744,-96.357034,83,12,218,1.183222,9,gps
2016-03-26T22:54:52Z,30.589739,-96.35705,85.1,12,245.399994,1.028889,9,gps
2016-03-26T22:54:53Z,30.589723,-96.357062,96.6,12,223.5,1.131778,8,gps
2016-03-26T22:54:54Z,30.589714,-96.357066,103.2,12,223.5,0.617333,8,gps
2016-03-26T22:54:55Z,30.589712,-96.357062,101,12,223.5,0.257222,8,gps
2016-03-26T22:54:56Z,30.589715,-96.357075,100.8,12,296.299988,1.028889,5,gps
2016-03-26T22:54:57Z,30.589737,-96.357081,100.3,12,339.700012,1.646222,6,gps
2016-03-26T22:54:58Z,30.589763,-96.357085,98.4,12,342,1.903444,5,gps
2016-03-26T22:54:59Z,30.589796,-96.357082,96.1,16,349.299988,2.160667,5,gps
2016-03-26T22:55:00Z,30.589846,-96.357061,87,16,10.5,2.829444,6,gps
2016-03-26T22:55:01Z,30.589895,-96.357044,86.5,24,12.8,2.983778,6,gps
2016-03-26T22:55:02Z,30.589946,-96.357029,86.7,24,13.9,3.035222,6,gps
2016-03-26T22:55:03Z,30.590004,-96.356997,86.5,24,26,3.704,6,gps
2016-03-26T22:55:04Z,30.590046,-96.356963,86.5,24,36,3.395333,6,gps
2016-03-26T22:55:05Z,30.590097,-96.35695,84.3,24,22.200001,3.498222,6,gps
2016-03-26T22:55:06Z,30.590139,-96.356935,87.9,24,20.299999,3.292444,6,gps
2016-03-26T22:55:07Z,30.590185,-96.356923,86.5,24,8.3,3.498222,6,gps
2016-03-26T22:55:08Z,30.590228,-96.356915,86.9,32,2,3.755445,5,gps
2016-03-26T22:55:09Z,30.590269,-96.356914,87.2,32,354.600006,3.909778,4,gps
2016-03-26T22:55:10Z,30.590312,-96.35694,87.8,32,330.899994,4.938667,3,gps
2016-03-26T22:55:11Z,30.590522,-96.357029,88.1,32,335.200012,6.945,4,gps
2016-03-26T22:55:12Z,30.5906,-96.35711,87.5,32,332.399994,7.408,4,gps
2016-03-26T22:55:13Z,30.590652,-96.357223,87.6,32,323.799988,7.716667,3,gps
2016-03-26T22:55:14Z,30.590965,-96.357222,88.1,24,338.399994,10.186,5,gps
2016-03-26T22:55:15Z,30.591014,-96.357216,94,24,341.100006,9.465777,6,gps
2016-03-26T22:55:16Z,30.591098,-96.357292,89.1,24,340.899994,9.157111,6,gps
2016-03-26T22:55:17Z,30.591192,-96.357295,81.5,24,343.899994,8.642667,6,gps
2016-03-26T22:55:18Z,30.591187,-96.357361,82.3,24,342.600006,6.996444,8,gps
2016-03-26T22:55:19Z,30.591206,-96.357352,80.1,16,349.799988,4.784333,9,gps
2016-03-26T22:55:20Z,30.591238,-96.357334,74.5,16,344.600006,3.086667,9,gps
2016-03-26T22:55:21Z,30.591275,-96.357312,67,12,4.8,2.829444,9,gps
2016-03-26T22:55:22Z,30.591312,-96.357311,62.4,12,14.2,2.675111,9,gps
2016-03-26T22:55:23Z,30.591356,-96.357289,63,12,28.200001,3.138111,9,gps
2016-03-26T22:55:24Z,30.591384,-96.357232,63.4,12,59,3.909778,9,gps
2016-03-26T22:55:25Z,30.591427,-96.357165,64.4,12,60.700001,5.093,10,gps
2016-03-26T22:55:26Z,30.591447,-96.357117,64.6,12,68.099998,5.298778,9,gps
2016-03-26T22:55:27Z,30.591453,-96.357048,68.3,12,69.5,5.864666,8,gps
2016-03-26T22:55:28Z,30.591468,-96.35699,68.4,12,72.800003,5.967556,7,gps
2016-03-26T22:55:29Z,30.591482,-96.356802,67.8,12,82.5,8.282556,8,gps
2016-03-26T22:55:30Z,30.591459,-96.356718,73.9,12,83.300003,9.054222,8,gps
2016-03-26T22:55:31Z,30.591455,-96.356579,73.2,12,86,9.928778,7,gps
2016-03-26T22:55:32Z,30.591456,-96.356398,70.2,12,87.900002,10.957666,5,gps
2016-03-26T22:55:33Z,30.591498,-96.356174,70,12,83.300003,12.552444,6,gps
2016-03-26T22:55:34Z,30.591563,-96.355791,76.1,12,79.199997,16.410778,8,gps
2016-03-26T22:55:35Z,30.591644,-96.355488,81.1,8,75.300003,17.439667,10,gps
2016-03-26T22:55:36Z,30.591663,-96.355308,80.2,8,74.400002,17.439667,10,gps
2016-03-26T22:55:37Z,30.591726,-96.355133,79.6,6,72.300003,16.667999,11,gps
2016-03-26T22:55:38Z,30.591776,-96.355,81.9,6,71.599998,15.484777,11,gps
2016-03-26T22:55:39Z,30.591838,-96.354875,80.6,6,70.800003,14.250112,11,gps
2016-03-26T22:55:40Z,30.591852,-96.354722,81.6,6,71.5,13.272667,11,gps
2016-03-26T22:55:41Z,30.591889,-96.354627,82,6,70.800003,12.089444,10,gps
2016-03-26T22:55:42Z,30.591902,-96.354557,80.6,6,72.900002,10.597555,9,gps
2016-03-26T22:55:43Z,30.591927,-96.354471,81.6,6,70.900002,9.928778,9,gps
2016-03-26T22:55:44Z,30.59194,-96.354376,80.8,6,71.599998,8.899889,9,gps
2016-03-26T22:55:45Z,30.591949,-96.354322,81.9,6,73.5,6.945,9,gps
2016-03-26T22:55:46Z,30.591977,-96.354295,82.7,6,66,5.813222,8,gps
2016-03-26T22:55:47Z,30.591975,-96.354311,83.3,6,67.5,3.601111,7,gps
2016-03-26T22:55:48Z,30.59199,-96.354292,83.4,6,63.099998,3.138111,7,gps
2016-03-26T22:55:49Z,30.591987,-96.35427,82.9,6,67.800003,2.469333,7,gps
2016-03-26T22:55:50Z,30.591999,-96.354274,82.7,6,53.900002,1.852,7,gps
2016-03-26T22:55:51Z,30.592004,-96.354281,82.8,6,51.400002,1.440444,7,gps
2016-03-26T22:55:52Z,30.591996,-96.354274,82.8,6,65,1.286111,6,gps
2016-03-26T22:55:53Z,30.592,-96.354286,81.8,6,60.099998,0.771667,6,gps
2016-03-26T22:55:54Z,30.591989,-96.354256,82,6,88.800003,0.874556,6,gps
2016-03-26T22:55:55Z,30.591975,-96.354261,82.3,6,88.800003,0.668778,6,gps
2016-03-26T22:55:56Z,30.591976,-96.354255,82,6,87.400002,0.874556,6,gps
2016-03-26T22:55:57Z,30.591976,-96.354242,82.3,6,88.5,1.234667,6,gps
2016-03-26T22:55:58Z,30.591973,-96.354208,82.4,6,92.099998,3.138111,8,gps
2016-03-26T22:55:59Z,30.591962,-96.354163,82.7,6,103.199997,4.424222,8,gps
2016-03-26T22:56:00Z,30.591945,-96.354122,82.8,6,115.099998,4.475667,9,gps
2016-03-26T22:56:01Z,30.591848,-96.353982,82.5,6,123.5,6.842111,9,gps
2016-03-26T22:56:02Z,30.591777,-96.353866,81.2,6,125.400002,9.26,9,gps
2016-03-26T22:56:03Z,30.591709,-96.353765,81,6,126.199997,10.649,8,gps
2016-03-26T22:56:04Z,30.591591,-96.35363,80.2,6,126.800003,12.809667,8,gps
2016-03-26T22:56:05Z,30.591488,-96.353516,80.3,6,130.5,13.992888,6,gps
2016-03-26T22:56:06Z,30.591394,-96.35339,79.5,6,129.399994,15.639112,6,gps
2016-03-26T22:56:07Z,30.591265,-96.353234,79.5,6,131.800003,17.079556,6,gps
2016-03-26T22:56:08Z,30.591149,-96.353035,77.7,6,129.800003,18.880112,6,gps
2016-03-26T22:56:09Z,30.591025,-96.352862,77.9,8,130,19.445999,6,gps
2016-03-26T22:56:10Z,30.590883,-96.352652,77.8,8,129.699997,20.629223,6,gps
2016-03-26T22:56:11Z,30.590764,-96.352491,77.8,8,130,20.989334,6,gps
2016-03-26T22:56:12Z,30.59064,-96.35227,79.1,8,128.5,21.966778,7,gps
2016-03-26T22:56:13Z,30.590518,-96.352098,79,8,129,22.018223,6,gps
2016-03-26T22:56:14Z,30.590359,-96.351905,78,8,129.399994,23.201445,7,gps
2016-03-26T22:56:15Z,30.590216,-96.351688,79.4,8,130.100006,23.767334,6,gps
2016-03-26T22:56:16Z,30.590074,-96.351474,79.2,8,129.699997,24.333221,8,gps
2016-03-26T22:56:17Z,30.589975,-96.351223,79.4,6,127.300003,24.950556,8,gps
2016-03-26T22:56:18Z,30.58983,-96.351046,79.8,6,128.199997,24.539,8,gps
2016-03-26T22:56:19Z,30.589716,-96.350859,81.3,6,128.199997,24.230333,8,gps
2016-03-26T22:56:20Z,30.589566,-96.350641,81.8,8,128.600006,24.436111,8,gps
2016-03-26T22:56:21Z,30.589403,-96.350412,84.2,6,128.600006,25.259222,8,gps
2016-03-26T22:56:22Z,30.58926,-96.350237,82.8,8,127.800003,25.104889,8,gps
2016-03-26T22:56:23Z,30.589115,-96.350022,82.9,8,127.599998,24.744778,8,gps
2016-03-26T22:56:24Z,30.588975,-96.34983,82.7,8,129.399994,23.97311,8,gps
2016-03-26T22:56:25Z,30.588832,-96.349649,82.8,8,129.600006,23.613001,9,gps
2016-03-26T22:56:26Z,30.58868,-96.34946,82.9,8,129.100006,24.281778,9,gps
2016-03-26T22:56:27Z,30.588542,-96.349257,83.5,8,128.899994,24.487556,10,gps
2016-03-26T22:56:28Z,30.588406,-96.349031,83.1,6,127.699997,25.104889,8,gps
2016-03-26T22:56:29Z,30.588276,-96.348787,83.5,8,126.300003,25.825111,9,gps
2016-03-26T22:56:30Z,30.588149,-96.3486,83.2,8,126.400002,25.567888,10,gps
2016-03-26T22:56:31Z,30.587994,-96.348389,82.8,8,127.5,25.619333,10,gps
2016-03-26T22:56:32Z,30.587827,-96.34818,85.2,8,127.400002,25.670778,9,gps
2016-03-26T22:56:33Z,30.587701,-96.348,85.4,6,127.900002,25.619333,10,gps
2016-03-26T22:56:34Z,30.587527,-96.347759,86.1,6,128.899994,26.236666,9,gps
2016-03-26T22:56:35Z,30.587391,-96.347573,86.2,6,129.100006,25.825111,9,gps
2016-03-26T22:56:36Z,30.587254,-96.347343,86.2,6,127.5,25.979445,9,gps
2016-03-26T22:56:37Z,30.587106,-96.347137,86.3,6,126.599998,26.236666,8,gps
2016-03-26T22:56:38Z,30.587006,-96.346905,85.8,6,124.300003,26.082333,7,gps
2016-03-26T22:56:39Z,30.586915,-96.346697,84.2,6,123.099998,24.847666,7,gps
2016-03-26T22:56:40Z,30.586813,-96.346481,82.1,6,122,24.950556,7,gps
2016-03-26T22:56:41Z,30.586703,-96.346237,81.3,6,119.900002,24.950556,6,gps
2016-03-26T22:56:42Z,30.586639,-96.345972,81,6,116.400002,24.950556,6,gps
2016-03-26T22:56:43Z,30.586543,-96.345697,80.9,6,114.199997,25.413555,8,gps
2016-03-26T22:56:44Z,30.586445,-96.345468,81.3,6,112.300003,25.413555,8,gps
2016-03-26T22:56:45Z,30.586381,-96.345257,80.9,8,112.900002,24.127445,7,gps
2016-03-26T22:56:46Z,30.586325,-96.344991,81,6,109.300003,24.847666,7,gps
2016-03-26T22:56:47Z,30.586324,-96.344689,80.7,8,104,25.156334,7,gps
2016-03-26T22:56:48Z,30.586287,-96.344428,80.2,8,102.5,24.796223,7,gps
2016-03-26T22:56:49Z,30.586275,-96.344234,80.3,8,100.699997,24.230333,7,gps
2016-03-26T22:56:50Z,30.586252,-96.34395,79.1,8,98.800003,24.333221,6,gps
2016-03-26T22:56:51Z,30.58623,-96.343721,77.8,8,96.699997,23.664444,6,gps
2016-03-26T22:56:52Z,30.586234,-96.343497,77.8,8,94,23.407223,6,gps
2016-03-26T22:56:53Z,30.586229,-96.343261,77.8,12,93.800003,23.407223,6,gps
2016-03-26T22:56:54Z,30.586219,-96.343035,77.8,12,94,23.561556,5,gps
2016-03-26T22:56:55Z,30.586263,-96.342741,77.7,12,89.800003,24.127445,6,gps
2016-03-26T22:56:56Z,30.586284,-96.34249,77.8,12,88.199997,23.870222,6,gps
2016-03-26T22:56:57Z,30.586289,-96.342252,77.7,12,87.900002,22.944221,5,gps
2016-03-26T22:56:58Z,30.586339,-96.341969,77.4,12,85.400002,24.076,7,gps
2016-03-26T22:56:59Z,30.586371,-96.341733,77.3,12,85,23.818777,5,gps
2016-03-26T22:57:00Z,30.586405,-96.341477,77.3,12,84.5,23.97311,5,gps
2016-03-26T22:57:01Z,30.586421,-96.34122,77.3,12,84.699997,24.178888,5,gps
2016-03-26T22:57:02Z,30.586449,-96.340927,77.2,12,85,25.259222,6,gps
2016-03-26T22:57:03Z,30.586463,-96.340647,77,12,84.800003,25.670778,6,gps
2016-03-26T22:57:04Z,30.586478,-96.340374,77.6,12,85.699997,25.927999,8,gps
2016-03-26T22:57:05Z,30.586486,-96.340133,77.7,12,85.599998,25.927999,8,gps
2016-03-26T22:57:06Z,30.586507,-96.339847,77.7,12,85.699997,25.876556,8,gps
2016-03-26T22:57:07Z,30.586525,-96.339566,78.3,12,85.900002,25.876556,8,gps
2016-03-26T22:57:08Z,30.58658,-96.339229,78.8,12,85.099998,26.03089,8,gps
2016-03-26T22:57:09Z,30.586581,-96.338926,78.9,12,86.199997,26.391001,7,gps
2016-03-26T22:57:10Z,30.586599,-96.338682,78.9,12,85.400002,26.236666,7,gps
2016-03-26T22:57:11Z,30.586634,-96.338419,79.1,12,85.199997,25.670778,5,gps
2016-03-26T22:57:12Z,30.586677,-96.338196,79.1,12,85.5,24.539,6,gps
2016-03-26T22:57:13Z,30.586681,-96.337916,79.3,12,85.800003,24.796223,7,gps
2016-03-26T22:57:14Z,30.586698,-96.33765,79.1,12,86.099998,24.899111,8,gps
2016-03-26T22:57:15Z,30.586714,-96.337404,79.2,12,85.699997,24.796223,7,gps
2016-03-26T22:57:16Z,30.586709,-96.337135,79.1,12,86.5,24.693333,7,gps
2016-03-26T22:57:17Z,30.586713,-96.336901,78.8,12,86.900002,24.436111,7,gps
2016-03-26T22:57:18Z,30.586719,-96.336663,79,8,86.900002,24.590445,7,gps
2016-03-26T22:57:19Z,30.586782,-96.336397,78.6,12,85.900002,24.744778,7,gps
2016-03-26T22:57:20Z,30.58679,-96.33611,78.5,8,87.400002,25.156334,6,gps
2016-03-26T22:57:21Z,30.586786,-96.335851,78.7,12,87.5,25.259222,5,gps
2016-03-26T22:57:22Z,30.58681,-96.335551,78.9,12,87,24.899111,5,gps
2016-03-26T22:57:23Z,30.586782,-96.335321,78.3,12,88.199997,25.104889,5,gps
2016-03-26T22:57:24Z,30.586815,-96.335032,78.6,12,87.800003,24.950556,5,gps
2016-03-26T22:57:25Z,30.586821,-96.33475,78.8,8,87.099998,25.156334,5,gps
2016-03-26T22:57:26Z,30.58686,-96.33453,78.2,12,87,24.899111,5,gps
2016-03-26T22:57:27Z,30.586833,-96.3342,77.6,12,88,25.670778,5,gps
2016-03-26T22:57:28Z,30.586831,-96.333919,78,12,87.699997,25.876556,6,gps
2016-03-26T22:57:29Z,30.586819,-96.333675,79.4,12,87.900002,25.465,6,gps
2016-03-26T22:57:30Z,30.586813,-96.333401,79.5,12,88.5,25.567888,6,gps
2016-03-26T22:57:31Z,30.58683,-96.333143,79.9,12,88,25.310667,6,gps
2016-03-26T22:57:32Z,30.586846,-96.332889,79.6,12,88.699997,25.207777,6,gps
2016-03-26T22:57:33Z,30.586824,-96.332635,79.9,12,89.699997,25.104889,6,gps
2016-03-26T22:57:34Z,30.586826,-96.332433,80.8,8,90.400002,24.744778,6,gps
2016-03-26T22:57:35Z,30.586838,-96.332159,80.7,8,90.099998,24.950556,4,gps
2016-03-26T22:57:36Z,30.586835,-96.331859,78.9,8,91.099998,25.516445,5,gps
2016-03-26T22:57:37Z,30.586821,-96.331625,80.2,8,92.099998,25.207777,5,gps
2016-03-26T22:57:38Z,30.586825,-96.331346,80.9,8,92.300003,25.207777,6,gps
2016-03-26T22:57:39Z,30.586783,-96.331103,82.7,8,93,25.156334,6,gps
2016-03-26T22:57:40Z,30.586767,-96.330815,83,8,93.199997,25.104889,6,gps
2016-03-26T22:57:41Z,30.586738,-96.330604,82.6,8,94.099998,24.590445,6,gps
2016-03-26T22:57:42Z,30.586718,-96.33036,82.9,8,94.5,24.64189,6,gps
2016-03-26T22:57:43Z,30.58669,-96.330079,82.7,8,95.800003,24.899111,7,gps
2016-03-26T22:57:44Z,30.586653,-96.329795,82.2,8,96.800003,25.053444,7,gps
2016-03-26T22:57:45Z,30.586642,-96.329543,82.2,8,96.599998,25.156334,6,gps
2016-03-26T22:57:46Z,30.586632,-96.329251,81.7,8,96,25.362112,6,gps
2016-03-26T22:57:47Z,30.586652,-96.328993,83.9,8,95,25.156334,6,gps
2016-03-26T22:57:48Z,30.586619,-96.328734,84.2,8,95.5,25.053444,6,gps
2016-03-26T22:57:49Z,30.58657,-96.328482,83.9,8,98.199997,25.310667,6,gps
2016-03-26T22:57:50Z,30.586496,-96.328221,83.8,8,101.800003,25.465,6,gps
2016-03-26T22:57:51Z,30.586455,-96.327957,84.3,8,101.199997,25.002001,6,gps
2016-03-26T22:57:52Z,30.586355,-96.327772,84.1,8,106.400002,23.97311,7,gps
2016-03-26T22:57:53Z,30.586257,-96.327557,84.2,8,110.300003,23.715889,7,gps
2016-03-26T22:57:54Z,30.586141,-96.327367,83.7,6,113.699997,23.25289,7,gps
2016-03-26T22:57:55Z,30.585943,-96.327205,83.6,6,121,24.281778,7,gps
2016-03-26T22:57:56Z,30.58572,-96.327022,84,6,128,24.847666,7,gps
2016-03-26T22:57:57Z,30.585548,-96.326885,84,6,134.199997,23.97311,7,gps
2016-03-26T22:57:58Z,30.585364,-96.326747,84.1,6,136.800003,24.384666,7,gps
2016-03-26T22:57:59Z,30.585179,-96.32657,84.1,6,137.800003,24.64189,7,gps
2016-03-26T22:58:00Z,30.584979,-96.326429,83.9,6,139.699997,24.64189,8,gps
2016-03-26T22:58:01Z,30.584822,-96.326271,83.9,6,139.699997,24.693333,8,gps
2016-03-26T22:58:02Z,30.584624,-96.326102,83.5,6,139.5,24.744778,8,gps
2016-03-26T22:58:03Z,30.584458,-96.325938,83.5,6,140,24.539,8,gps
2016-03-26T22:58:04Z,30.584301,-96.325832,82.5,6,139.100006,24.281778,8,gps
2016-03-26T22:58:05Z,30.584126,-96.32568,82.6,6,138.300003,24.333221,8,gps
2016-03-26T22:58:06Z,30.583967,-96.325502,82.1,6,137.199997,24.796223,8,gps
2016-03-26T22:58:07Z,30.583792,-96.325283,81.8,6,135.899994,24.796223,7,gps
2016-03-26T22:58:08Z,30.583661,-96.325122,81.8,6,134.899994,24.281778,7,gps
2016-03-26T22:58:09Z,30.583515,-96.324939,81.9,6,134.800003,24.590445,7,gps
2016-03-26T22:58:10Z,30.583334,-96.324722,81.5,6,134.199997,24.847666,7,gps
2016-03-26T22:58:11Z,30.58318,-96.324567,82.1,6,134.100006,24.64189,7,gps
2016-03-26T22:58:12Z,30.583037,-96.324338,82.1,6,132.600006,24.590445,7,gps
2016-03-26T22:58:13Z,30.58287,-96.324139,82.2,6,133.100006,24.847666,6,gps
2016-03-26T22:58:14Z,30.582724,-96.32398,82.1,6,134.199997,24.693333,6,gps
2016-03-26T22:58:15Z,30.582544,-96.323767,81.8,6,134.100006,24.796223,6,gps
2016-03-26T22:58:16Z,30.582367,-96.323562,81.1,6,134.800003,25.053444,7,gps
2016-03-26T22:58:17Z,30.58223,-96.323425,80.2,6,135,24.590445,7,gps
2016-03-26T22:58:18Z,30.582059,-96.323225,81.1,6,135.199997,24.436111,7,gps
2016-03-26T22:58:19Z,30.581916,-96.32304,81,6,134.899994,24.333221,7,gps
2016-03-26T22:58:20Z,30.581761,-96.322844,81.6,6,134.100006,24.384666,7,gps
2016-03-26T22:58:21Z,30.581587,-96.32267,81.6,6,134.699997,24.436111,7,gps
2016-03-26T22:58:22Z,30.581456,-96.322492,81.7,6,134.800003,24.281778,7,gps
2016-03-26T22:58:23Z,30.581262,-96.322306,81.1,6,135.699997,24.64189,7,gps
2016-03-26T22:58:24Z,30.581102,-96.322115,80.4,6,135.699997,24.693333,7,gps
2016-03-26T22:58:25Z,30.580949,-96.321922,80.1,6,135.100006,24.796223,7,gps
2016-03-26T22:58:26Z,30.580778,-96.321753,78.4,8,135.300003,24.539,7,gps
2016-03-26T22:58:27Z,30.580623,-96.321588,79,8,135.300003,24.744778,7,gps
2016-03-26T22:58:28Z,30.580449,-96.321393,79.1,8,135.600006,24.744778,7,gps
2016-03-26T22:58:29Z,30.580264,-96.321254,80,8,136.5,25.002001,7,gps
2016-03-26T22:58:30Z,30.580149,-96.321064,79.3,6,134.300003,24.796223,7,gps
2016-03-26T22:58:31Z,30.579987,-96.320892,79.3,6,134.699997,24.539,7,gps
2016-03-26T22:58:32Z,30.579857,-96.320703,78.9,6,133.800003,23.870222,7,gps
2016-03-26T22:58:33Z,30.579719,-96.320526,78.3,6,133.800003,23.561556,9,gps
2016-03-26T22:58:34Z,30.579579,-96.32034,77.9,6,133.600006,22.841333,9,gps
2016-03-26T22:58:35Z,30.579439,-96.320222,78.2,6,134.699997,21.606667,8,gps
2016-03-26T22:58:36Z,30.5793,-96.320048,78,6,134.600006,21.143667,8,gps
2016-03-26T22:58:37Z,30.579178,-96.31991,77.9,6,135,20.320555,8,gps
2016-03-26T22:58:38Z,30.579071,-96.319811,78.2,6,135.399994,18.983,8,gps
2016-03-26T22:58:39Z,30.578984,-96.319706,78,6,134.199997,17.079556,8,gps
2016-03-26T22:58:40Z,30.578876,-96.31958,78.2,6,134.100006,17.079556,7,gps
2016-03-26T22:58:41Z,30.578814,-96.319498,77.9,6,134.699997,15.073222,7,gps
2016-03-26T22:58:42Z,30.578736,-96.319371,77.9,6,131.300003,14.713111,6,gps
2016-03-26T22:58:43Z,30.57867,-96.319285,78.1,8,129.899994,13.684222,6,gps
2016-03-26T22:58:44Z,30.578651,-96.319194,78.4,8,120.800003,11.626445,6,gps
2016-03-26T22:58:45Z,30.578624,-96.319074,78.4,8,115.900002,11.677889,6,gps
2016-03-26T22:58:46Z,30.578651,-96.318925,78.3,8,103.5,12.140889,5,gps
2016-03-26T22:58:47Z,30.578679,-96.31892,78,8,99.900002,9.054222,6,gps
2016-03-26T22:58:48Z,30.578684,-96.318811,78.1,8,95.699997,9.568666,6,gps
2016-03-26T22:58:49Z,30.578822,-96.318746,78.7,8,71.5,9.568666,9,gps
2016-03-26T22:58:50Z,30.578965,-96.318672,78.9,8,57.299999,10.546111,9,gps
2016-03-26T22:58:51Z,30.579092,-96.318603,80.3,8,51.799999,11.472111,11,gps
2016-03-26T22:58:52Z,30.579207,-96.318513,79.8,12,51.099998,12.655334,11,gps
2016-03-26T22:58:53Z,30.579345,-96.318367,79,8,48.5,13.427,11,gps
2016-03-26T22:58:54Z,30.579434,-96.318295,78.6,8,47.799999,13.169778,10,gps
2016-03-26T22:58:55Z,30.579564,-96.318161,79.2,8,46.599998,13.581333,10,gps
2016-03-26T22:58:56Z,30.579647,-96.318077,79,8,46.599998,13.324111,8,gps
2016-03-26T22:58:57Z,30.579719,-96.317961,79.1,6,49.299999,13.272667,8,gps
2016-03-26T22:58:58Z,30.579812,-96.317845,79.1,6,50,13.066889,8,gps
2016-03-26T22:58:59Z,30.579887,-96.317743,79.1,6,50.400002,13.118333,7,gps
2016-03-26T22:59:00Z,30.579967,-96.317626,79.1,8,51.299999,13.015445,7,gps
2016-03-26T22:59:01Z,30.580042,-96.317522,79.1,8,51.400002,12.861111,6,gps
2016-03-26T22:59:02Z,30.580095,-96.317421,79.2,6,54,12.295222,6,gps
2016-03-26T22:59:03Z,30.580174,-96.317315,78.6,6,51.200001,12.398111,7,gps
2016-03-26T22:59:04Z,30.580244,-96.317233,78.8,6,48.400002,12.192333,7,gps
2016-03-26T22:59:05Z,30.580308,-96.317128,79.2,6,48,12.295222,7,gps
2016-03-26T22:59:06Z,30.580398,-96.31703,79.1,6,45.400002,12.603889,7,gps
2016-03-26T22:59:07Z,30.580499,-96.316984,79.8,6,39.200001,12.243778,9,gps
2016-03-26T22:59:08Z,30.580634,-96.316928,77.5,4,32.900002,12.603889,9,gps
2016-03-26T22:59:09Z,30.580728,-96.316878,77,4,29.799999,11.935111,9,gps
2016-03-26T22:59:10Z,30.580788,-96.316833,77,4,29.4,11.626445,11,gps
2016-03-26T22:59:11Z,30.580879,-96.316796,77.7,4,29.200001,10.957666,11,gps
2016-03-26T22:59:12Z,30.58096,-96.316764,79.1,6,27.1,10.649,11,gps
2016-03-26T22:59:13Z,30.58102,-96.31675,80,6,19.200001,9.311444,11,gps
2016-03-26T22:59:14Z,30.581097,-96.316731,80.4,6,16.6,8.745556,9,gps
2016-03-26T22:59:15Z,30.581113,-96.316752,80.6,6,9.6,6.327667,8,gps
2016-03-26T22:59:16Z,30.581155,-96.316811,80.5,6,349.399994,5.967556,9,gps
2016-03-26T22:59:17Z,30.581205,-96.316834,80.6,6,344.600006,5.710333,7,gps
2016-03-26T22:59:18Z,30.581228,-96.316929,80.6,6,322.5,6.070445,8,gps
2016-03-26T22:59:19Z,30.581286,-96.316967,80.6,8,320.799988,6.019,10,gps
2016-03-26T22:59:20Z,30.581318,-96.317085,80.8,8,308.899994,7.150778,9,gps
2016-03-26T22:59:21Z,30.581345,-96.317182,79.9,8,302.5,7.562333,9,gps
2016-03-26T22:59:22Z,30.581389,-96.317243,79.8,8,302.700012,7.459445,8,gps
2016-03-26T22:59:23Z,30.581438,-96.317321,80.1,12,304,7.613778,8,gps
2016-03-26T22:59:24Z,30.581478,-96.317376,80.3,12,305,7.150778,10,gps
2016-03-26T22:59:25Z,30.581497,-96.317447,80.4,12,301,7.047889,9,gps
2016-03-26T22:59:26Z,30.581532,-96.31747,79.8,12,307.200012,6.584889,9,gps
2016-03-26T22:59:27Z,30.581536,-96.317457,79.8,12,311.700012,4.835778,9,gps
2016-03-26T22:59:28Z,30.581535,-96.317403,79.5,8,338.100006,2.880889,7,gps
2016-03-26T22:59:29Z,30.58153,-96.317384,79.5,8,2.3,1.646222,7,gps
2016-03-26T22:59:30Z,30.581538,-96.317379,79.6,8,29.9,1.491889,9,gps
2016-03-26T22:59:31Z,30.581529,-96.317397,79.4,8,85.099998,1.337556,9,gps
2016-03-26T22:59:32Z,30.581527,-96.317375,79.3,8,93.800003,1.852,9,gps
2016-03-26T22:59:33Z,30.581521,-96.317397,79.1,8,111.5,0.874556,9,gps
2016-03-26T22:59:34Z,30.581513,-96.317394,79.2,8,119.400002,0.771667,9,gps
2016-03-26T22:59:35Z,30.581504,-96.317387,79,8,132.199997,0.823111,8,gps
2016-03-26T22:59:36Z,30.581494,-96.317396,79.5,8,132.199997,0.565889,8,gps
2016-03-26T22:59:53Z,30.586065,-96.318973,0,1924,0,0,0,network
2016-03-26T22:59:37Z,30.581489,-96.317399,78.6,8,132.199997,0.411556,9,gps
2016-03-26T22:59:54Z,30.586065,-96.318973,0,1924,0,0,0,network
2016-03-26T22:59:55Z,30.586065,-96.318973,0,1924,0,0,0,network
2016-03-26T22:59:38Z,30.581492,-96.317391,78.4,8,59.799999,0.823111,9,gps
2016-03-26T22:59:55Z,30.586065,-96.318973,0,1924,0,0,0,network